id,first_name,last_name,email,gender,ip_address
1,Lacie,Catley,lcatley0@mayoclinic.com,Female,80.88.74.65
2,Paige,Novello,pnovello1@rambler.ru,Genderfluid,187.175.218.207
3,Marti,Spurden,mspurden2@illinois.edu,Female,143.236.123.210
4,Jose,Dreng,jdreng3@newsvine.com,Male,30.22.198.131
5,Berti,Gagg,bgagg4@twitter.com,Male,176.9.26.212
6,Mart,Heiton,mheiton5@clickbank.net,Male,48.131.99.230
7,Ruth,Chilles,rchilles6@about.com,Female,76.23.100.161
8,Cyndie,Simonnin,csimonnin7@mac.com,Female,122.152.12.158
9,Urban,Sisley,usisley8@etsy.com,Male,236.106.41.81
10,Abbey,Entwhistle,aentwhistle9@hp.com,Female,171.29.150.230
11,Thaddeus,McQuirter,tmcquirtera@buzzfeed.com,Male,198.207.15.187
12,Linn,Flello,lflellob@paypal.com,Male,101.219.175.44
13,Roldan,McCoughan,rmccoughanc@skype.com,Genderfluid,12.248.169.107
14,Nollie,Hampshaw,nhampshawd@eventbrite.com,Female,22.119.103.26
15,Monah,Dunsleve,mdunslevee@va.gov,Bigender,162.168.66.2
16,Raeann,Lethem,rlethemf@php.net,Female,188.168.76.117
17,Gerty,Pau,gpaug@deviantart.com,Female,188.175.195.78
18,Kathie,Venner,kvennerh@answers.com,Female,28.182.195.28
19,Maximilianus,Grzes,mgrzesi@nasa.gov,Male,25.92.124.139
20,Herrick,Kenion,hkenionj@networksolutions.com,Male,165.129.196.205
21,Jazmin,Dysert,jdysertk@oaic.gov.au,Female,151.88.106.108
22,Orran,Szimoni,oszimonil@drupal.org,Male,99.77.23.216
23,Maisie,Dybell,mdybellm@behance.net,Female,243.183.0.31
24,Rosamund,Giacopelo,rgiacopelon@drupal.org,Agender,193.60.170.159
25,Lawry,Gahan,lgahano@google.ca,Male,4.106.134.44
26,Franz,Connor,fconnorp@independent.co.uk,Male,109.75.96.181
27,Ellie,Korneichuk,ekorneichukq@java.com,Bigender,191.122.219.12
28,Wynn,Halward,whalwardr@ftc.gov,Genderfluid,240.39.162.202
29,Shirlene,Debold,sdebolds@baidu.com,Bigender,45.55.27.42
30,Patrica,Ruprich,prupricht@comcast.net,Agender,126.111.237.120
31,Bessie,Sheran,bsheranu@webeden.co.uk,Female,16.241.67.175
32,Latia,Bosworth,lbosworthv@youtube.com,Female,199.190.54.234
33,Barnard,Paunsford,bpaunsfordw@webnode.com,Male,234.32.55.19
34,Donny,Kielty,dkieltyx@amazon.co.uk,Female,20.210.222.224
35,Yard,Braunthal,ybraunthaly@wiley.com,Male,224.5.251.14
36,Randolf,Wrankling,rwranklingz@weather.com,Male,38.255.182.229
37,Clementia,Paulton,cpaulton10@com.com,Female,251.99.115.142
38,Lance,Renshall,lrenshall11@slideshare.net,Male,138.152.216.97
39,Brittney,Minter,bminter12@wikimedia.org,Female,60.148.213.190
40,Kessia,Hartgill,khartgill13@eepurl.com,Female,6.41.109.96
41,Stephen,Regenhardt,sregenhardt14@bbc.co.uk,Male,125.50.117.43
42,Gisele,Inchan,ginchan15@macromedia.com,Female,157.120.167.40
43,Bent,Swiffan,bswiffan16@wix.com,Male,224.114.107.31
44,Bearnard,Nelthorp,bnelthorp17@pcworld.com,Male,83.86.7.109
45,Hobey,Scurlock,hscurlock18@wp.com,Male,210.157.102.185
46,Marrissa,Della,mdella19@kickstarter.com,Female,47.104.109.121
47,Christye,Monget,cmonget1a@adobe.com,Female,180.85.229.190
48,Carry,Wildgoose,cwildgoose1b@biglobe.ne.jp,Female,40.186.118.128
49,Rosabella,Stainton,rstainton1c@nyu.edu,Female,142.199.140.172
50,Zelda,Nardoni,znardoni1d@fc2.com,Female,230.180.42.48
51,Jermayne,Falkner,jfalkner1e@icq.com,Male,75.175.97.23
52,Raddy,Coughan,rcoughan1f@digg.com,Male,129.13.246.178
53,Jordan,Codron,jcodron1g@naver.com,Male,46.60.14.223
54,Garry,Rushbrook,grushbrook1h@networkadvertising.org,Male,118.173.64.37
55,Bernadina,Borborough,bborborough1i@pinterest.com,Female,42.144.103.222
56,Ephrayim,Tireman,etireman1j@ucla.edu,Male,165.199.91.11
57,Lacey,Searl,lsearl1k@sitemeter.com,Female,56.15.86.102
58,Kenna,Everson,keverson1l@mozilla.com,Female,251.239.201.98
59,Dulcy,Vinick,dvinick1m@devhub.com,Female,7.33.27.189
60,Chip,Livermore,clivermore1n@list-manage.com,Male,43.107.29.77
61,Cherise,Harnell,charnell1o@linkedin.com,Female,22.134.104.131
62,Vivie,Shilleto,vshilleto1p@example.com,Female,175.94.172.191
63,Boote,Lorraway,blorraway1q@home.pl,Male,230.82.225.77
64,Fonz,Sappy,fsappy1r@artisteer.com,Polygender,156.109.93.72
65,Tamarra,Currie,tcurrie1s@jalbum.net,Female,66.123.229.195
66,Debra,Desson,ddesson1t@google.nl,Female,132.24.115.61
67,Gaven,Lansdowne,glansdowne1u@house.gov,Male,170.228.52.252
68,Alli,Scamadine,ascamadine1v@i2i.jp,Female,142.88.200.245
69,Dre,Addionisio,daddionisio1w@slashdot.org,Female,45.143.177.172
70,Blithe,Shannon,bshannon1x@vinaora.com,Female,158.30.148.238
71,Arlan,Yare,ayare1y@bluehost.com,Male,47.35.254.105
72,Lacey,Page,lpage1z@newyorker.com,Female,199.245.217.37
73,Erl,Powrie,epowrie20@census.gov,Male,49.29.156.156
74,Chane,Gindghill,cgindghill21@reference.com,Male,232.82.38.201
75,Mireielle,Duddy,mduddy22@google.com,Female,68.238.103.4
76,Teodoor,McGrae,tmcgrae23@state.gov,Male,230.40.16.222
77,Mady,Moffat,mmoffat24@discuz.net,Genderfluid,113.149.229.171
78,Barron,Brignall,bbrignall25@deviantart.com,Male,182.161.196.159
79,Gwyn,Sworder,gsworder26@dropbox.com,Female,129.216.11.61
80,Mitchael,Eard,meard27@mac.com,Male,23.182.123.185
81,Benedicta,Portchmouth,bportchmouth28@youtube.com,Female,51.75.165.227
82,Patty,Pringley,ppringley29@berkeley.edu,Male,187.182.42.133
83,Evelyn,Tape,etape2a@geocities.jp,Male,170.76.37.196
84,Jacquenetta,Ahrens,jahrens2b@naver.com,Female,247.253.200.156
85,Yancey,Rappport,yrappport2c@upenn.edu,Male,14.191.222.41
86,Janis,Geaveny,jgeaveny2d@amazon.co.jp,Female,230.88.58.180
87,Aimil,Huburn,ahuburn2e@census.gov,Female,219.137.113.205
88,Marlowe,Pollastro,mpollastro2f@nydailynews.com,Male,213.69.160.44
89,Gabie,Maidstone,gmaidstone2g@joomla.org,Male,234.103.253.107
90,Gilberta,Moneypenny,gmoneypenny2h@slideshare.net,Female,39.111.244.114
91,Gayel,Lightwood,glightwood2i@facebook.com,Female,209.239.105.66
92,Corrie,Klimochkin,cklimochkin2j@unicef.org,Female,13.205.242.171
93,Ted,Dailly,tdailly2k@unc.edu,Female,226.28.159.93
94,Pincas,Baignard,pbaignard2l@guardian.co.uk,Male,3.104.227.11
95,April,Edmondson,aedmondson2m@auda.org.au,Non-binary,56.228.73.137
96,Paulie,Trott,ptrott2n@cnet.com,Male,243.32.167.210
97,Bondie,Waterstone,bwaterstone2o@eepurl.com,Male,74.198.63.186
98,Moise,Ezele,mezele2p@cnbc.com,Male,100.188.135.138
99,Ancell,Beining,abeining2q@constantcontact.com,Male,253.218.205.35
100,Obediah,Cullum,ocullum2r@symantec.com,Male,30.136.196.220
101,Bren,Alenin,balenin2s@chicagotribune.com,Female,198.168.78.210
102,Bradley,Kobiera,bkobiera2t@ustream.tv,Male,76.147.39.121
103,Grover,Greest,ggreest2u@loc.gov,Male,234.14.252.106
104,Courtney,Sennett,csennett2v@earthlink.net,Female,120.223.170.109
105,Hilarius,Dowbakin,hdowbakin2w@canalblog.com,Male,119.219.81.30
106,Shane,Seyler,sseyler2x@ucoz.ru,Male,198.74.128.64
107,Theresa,Hamlington,thamlington2y@oracle.com,Agender,205.2.200.185
108,Brear,Cato,bcato2z@cnet.com,Female,212.219.199.99
109,Skyler,Lawrenz,slawrenz30@hhs.gov,Male,119.145.136.209
110,Elysee,Boner,eboner31@about.me,Non-binary,215.12.1.145
111,Peyton,Hodinton,phodinton32@istockphoto.com,Male,67.49.220.32
112,Marieann,Bindon,mbindon33@furl.net,Female,105.182.88.248
113,Aluino,D'Angeli,adangeli34@uol.com.br,Male,74.177.24.125
114,Leola,Packe,lpacke35@answers.com,Female,26.117.15.250
115,Murray,Millery,mmillery36@istockphoto.com,Male,221.77.72.58
116,Muffin,Vaissiere,mvaissiere37@jugem.jp,Male,192.99.129.228
117,Marlin,Jovicevic,mjovicevic38@creativecommons.org,Male,12.142.231.36
118,Hardy,McDonell,hmcdonell39@aboutads.info,Male,232.101.131.237
119,Vania,Reinger,vreinger3a@wix.com,Female,2.254.243.250
120,Rik,Irvine,rirvine3b@github.com,Male,28.57.3.97
121,Petronille,Johnston,pjohnston3c@nih.gov,Female,176.20.10.164
122,Mechelle,Richt,mricht3d@google.pl,Female,100.123.192.32
123,Darleen,Pock,dpock3e@merriam-webster.com,Polygender,149.52.187.19
124,Alexis,Romeo,aromeo3f@springer.com,Male,42.33.197.65
125,Stormi,Litchfield,slitchfield3g@vistaprint.com,Genderqueer,70.57.153.230
126,Sibelle,Sevitt,ssevitt3h@instagram.com,Female,252.118.108.240
127,Floyd,Bakster,fbakster3i@bigcartel.com,Male,60.186.253.144
128,Erek,Looney,elooney3j@washington.edu,Male,187.75.235.228
129,Felecia,Heild,fheild3k@netvibes.com,Female,24.35.204.14
130,Filmore,Siemens,fsiemens3l@xrea.com,Male,19.136.37.173
131,Giffy,Naire,gnaire3m@auda.org.au,Male,158.158.253.12
132,Guido,Oldknowe,goldknowe3n@booking.com,Male,87.76.186.226
133,Fran,Lipyeat,flipyeat3o@ehow.com,Male,18.198.97.207
134,Kati,Martygin,kmartygin3p@aboutads.info,Female,82.125.94.34
135,Virgil,Millichip,vmillichip3q@psu.edu,Male,32.233.202.163
136,Modestine,Mylechreest,mmylechreest3r@sourceforge.net,Female,158.255.23.48
137,Drew,Bleasby,dbleasby3s@sbwire.com,Male,6.79.214.237
138,Gretchen,Klampt,gklampt3t@fc2.com,Female,63.143.207.210
139,Carree,McEnhill,cmcenhill3u@jugem.jp,Female,249.219.186.57
140,Cloris,Cratere,ccratere3v@studiopress.com,Female,49.123.92.71
141,Michal,Devin,mdevin3w@salon.com,Male,191.56.22.108
142,Demetre,Duggan,dduggan3x@mapquest.com,Male,115.103.139.172
143,Doretta,Brampton,dbrampton3y@1und1.de,Female,154.139.48.85
144,Harbert,Eddington,heddington3z@tumblr.com,Male,157.170.206.49
145,Eadith,Sinnock,esinnock40@marketwatch.com,Female,132.100.62.197
146,Virgie,Linwood,vlinwood41@zdnet.com,Genderfluid,54.166.127.91
147,Clyve,Caltera,ccaltera42@cloudflare.com,Bigender,117.233.65.179
148,Maribel,Trowsdale,mtrowsdale43@pbs.org,Female,32.62.246.105
149,Barth,Scarce,bscarce44@nyu.edu,Male,222.106.66.123
150,Milly,Esherwood,mesherwood45@senate.gov,Female,79.145.235.175
151,Charo,Pighills,cpighills46@msu.edu,Female,20.14.91.225
152,Humfrid,Pendre,hpendre47@imageshack.us,Male,81.90.235.45
153,Sunny,Ansett,sansett48@gnu.org,Female,48.118.83.149
154,Bernardina,Croal,bcroal49@hostgator.com,Female,26.194.139.51
155,Wallie,Patnelli,wpatnelli4a@wufoo.com,Male,61.62.68.228
156,Wini,Martinez,wmartinez4b@list-manage.com,Bigender,187.240.186.226
157,Mead,Redhead,mredhead4c@dmoz.org,Female,200.101.21.194
158,Katlin,Sulman,ksulman4d@cargocollective.com,Female,236.248.161.190
159,Saul,Steptow,ssteptow4e@reddit.com,Male,148.59.234.223
160,Michelina,Belderfield,mbelderfield4f@nytimes.com,Female,42.93.20.5
161,Hakeem,Vogt,hvogt4g@reuters.com,Male,212.162.223.111
162,Bartholomeo,Gebby,bgebby4h@etsy.com,Polygender,194.77.164.30
163,Arie,Loch,aloch4i@ox.ac.uk,Male,201.52.249.239
164,Emmeline,Rains,erains4j@phoca.cz,Female,180.242.207.205
165,Isidore,Niaves,iniaves4k@tamu.edu,Male,178.108.104.188
166,Hi,Elham,helham4l@tmall.com,Male,67.99.51.8
167,Ellyn,Batho,ebatho4m@china.com.cn,Female,58.76.220.20
168,Zara,Frankling,zfrankling4n@ycombinator.com,Female,57.97.202.221
169,Dodi,Bimson,dbimson4o@moonfruit.com,Female,131.167.103.166
170,Standford,Dusey,sdusey4p@ft.com,Male,42.4.56.12
171,Flemming,Costar,fcostar4q@ezinearticles.com,Male,21.84.44.19
172,Regen,Gilhespy,rgilhespy4r@si.edu,Male,222.47.109.218
173,Owen,Stanaway,ostanaway4s@guardian.co.uk,Male,222.239.12.39
174,Bryan,Menichi,bmenichi4t@washingtonpost.com,Male,239.22.240.39
175,Emilie,Dearsley,edearsley4u@icq.com,Female,215.34.2.106
176,Shayna,Grolmann,sgrolmann4v@weebly.com,Female,66.87.126.93
177,Chauncey,Kynston,ckynston4w@adobe.com,Male,193.214.251.50
178,Maxie,Pawelczyk,mpawelczyk4x@flavors.me,Female,164.175.5.90
179,Leeanne,Sangra,lsangra4y@sfgate.com,Female,228.237.114.192
180,Codie,Sutliff,csutliff4z@newyorker.com,Male,11.18.233.127
181,Teddi,Tolliday,ttolliday50@pen.io,Female,255.180.67.171
182,Zackariah,Shapland,zshapland51@geocities.com,Male,118.219.26.138
183,Robbie,Tonkin,rtonkin52@ow.ly,Male,207.166.114.166
184,Horten,Potteril,hpotteril53@cam.ac.uk,Male,217.113.219.103
185,Loren,Marcq,lmarcq54@eepurl.com,Female,42.73.161.197
186,Emelda,Balharry,ebalharry55@blog.com,Female,9.34.184.151
187,Maggie,Firsby,mfirsby56@mail.ru,Genderfluid,67.155.206.108
188,Madison,Zanelli,mzanelli57@fema.gov,Male,249.98.190.49
189,Stanislas,Penhaligon,spenhaligon58@friendfeed.com,Male,118.146.100.113
190,Evin,Tattershaw,etattershaw59@nymag.com,Agender,144.106.146.35
191,Gaby,Nizard,gnizard5a@ucoz.com,Male,191.13.109.55
192,Teador,Studeart,tstudeart5b@pcworld.com,Male,92.213.52.11
193,Jermaine,Dufaur,jdufaur5c@reddit.com,Male,176.13.66.110
194,Dell,Hamberstone,dhamberstone5d@sbwire.com,Female,21.94.76.62
195,Chico,Scading,cscading5e@rakuten.co.jp,Male,174.181.250.143
196,Kellyann,Mawman,kmawman5f@cloudflare.com,Female,14.63.176.31
197,Quincey,Rosenau,qrosenau5g@sakura.ne.jp,Male,245.141.19.121
198,Jerad,Royston,jroyston5h@mozilla.org,Male,160.42.97.106
199,Manuel,McConnel,mmcconnel5i@blinklist.com,Male,80.10.17.224
200,Jordan,Lung,jlung5j@reverbnation.com,Female,85.4.44.101
201,Shay,Petrie,spetrie5k@wordpress.com,Female,121.102.35.82
202,Chev,Plumridege,cplumridege5l@chron.com,Polygender,217.71.190.162
203,Haleigh,Bransom,hbransom5m@epa.gov,Female,67.110.71.211
204,Helen,Rohlf,hrohlf5n@yelp.com,Female,80.119.21.140
205,Frans,Codlin,fcodlin5o@ehow.com,Male,117.63.12.114
206,Hervey,Teodori,hteodori5p@spotify.com,Male,171.248.121.114
207,Enrichetta,Drew-Clifton,edrewclifton5q@123-reg.co.uk,Female,99.161.216.164
208,Ignacio,Simpkin,isimpkin5r@tiny.cc,Male,156.97.88.197
209,Denys,Josifovitz,djosifovitz5s@storify.com,Female,98.77.55.63
210,Toby,Schruur,tschruur5t@microsoft.com,Male,70.254.200.207
211,Vitia,MacAloren,vmacaloren5u@imageshack.us,Female,202.107.27.125
212,Granthem,Rainer,grainer5v@amazonaws.com,Male,142.46.252.246
213,Sigvard,Burgis,sburgis5w@redcross.org,Male,16.63.215.109
214,Sari,Burg,sburg5x@opera.com,Female,215.56.139.8
215,Iggy,Eltune,ieltune5y@smugmug.com,Male,181.220.103.57
216,Emelyne,Maddicks,emaddicks5z@who.int,Genderqueer,218.214.250.152
217,Kyle,Corpe,kcorpe60@ustream.tv,Female,66.6.29.227
218,Nathaniel,Huglin,nhuglin61@narod.ru,Male,210.91.82.55
219,Lyn,Antill,lantill62@bizjournals.com,Genderqueer,167.226.142.215
220,Clevey,Aston,caston63@cam.ac.uk,Male,10.103.155.97
221,Tremain,Blunsden,tblunsden64@t.co,Male,187.204.175.150
222,Olia,Maggill'Andreis,omaggillandreis65@squidoo.com,Female,87.255.76.144
223,Clemmy,Youell,cyouell66@shinystat.com,Male,87.57.7.92
224,Kurt,Rodnight,krodnight67@google.ru,Male,157.202.70.172
225,Maxine,Bazelle,mbazelle68@youtube.com,Female,234.217.162.50
226,Maitilde,Shemilt,mshemilt69@so-net.ne.jp,Female,80.146.85.0
227,Mathe,Boustred,mboustred6a@surveymonkey.com,Male,46.200.205.15
228,Lenette,Genge,lgenge6b@nih.gov,Female,183.41.56.68
229,Kristien,Grigore,kgrigore6c@apache.org,Female,136.138.38.11
230,Gunar,Gostall,ggostall6d@mozilla.org,Male,79.225.88.192
231,Aldis,Screech,ascreech6e@dedecms.com,Male,192.150.166.166
232,Ikey,Ambrois,iambrois6f@cnn.com,Male,109.116.173.194
233,Jeddy,Wolton,jwolton6g@uol.com.br,Male,179.231.110.106
234,Ursuline,De la Eglise,udelaeglise6h@sbwire.com,Female,89.123.17.65
235,Janella,Swannick,jswannick6i@whitehouse.gov,Female,97.191.189.49
236,Fredek,Durtnal,fdurtnal6j@uiuc.edu,Male,128.4.242.197
237,Paddie,Franzoli,pfranzoli6k@opensource.org,Male,246.76.230.24
238,Maximilien,Wolfenden,mwolfenden6l@qq.com,Male,216.192.190.121
239,Cari,Faltin,cfaltin6m@php.net,Female,92.46.245.120
240,Giacobo,Hucks,ghucks6n@businessinsider.com,Male,178.97.248.107
241,Lani,Sodory,lsodory6o@wisc.edu,Female,103.183.142.29
242,Teddy,Dyhouse,tdyhouse6p@disqus.com,Male,95.136.215.14
243,Chaunce,Jelleman,cjelleman6q@time.com,Male,170.222.19.177
244,Dorree,Sweetsur,dsweetsur6r@1688.com,Female,211.246.149.22
245,Mair,Gian,mgian6s@harvard.edu,Female,227.21.251.178
246,Berkeley,Morphew,bmorphew6t@va.gov,Male,152.34.170.3
247,Homere,Crum,hcrum6u@loc.gov,Male,32.81.33.239
248,Nadean,Budnik,nbudnik6v@netvibes.com,Female,132.40.201.100
249,Tiphanie,Hounson,thounson6w@istockphoto.com,Female,190.54.125.149
250,Sheff,Dudden,sdudden6x@cbc.ca,Male,172.0.59.243
251,Field,Lademann,flademann6y@hud.gov,Male,243.142.84.109
252,Ethan,Crumpton,ecrumpton6z@nytimes.com,Genderfluid,10.251.67.25
253,Alys,Quipp,aquipp70@pbs.org,Female,222.32.7.99
254,Janey,McGettrick,jmcgettrick71@mapquest.com,Bigender,170.252.11.161
255,Lise,Blinman,lblinman72@yandex.ru,Female,4.165.181.4
256,Stevena,McTurley,smcturley73@studiopress.com,Genderqueer,32.166.67.4
257,Daryl,Ruston,druston74@cpanel.net,Female,143.91.254.154
258,Walt,Edgler,wedgler75@walmart.com,Male,86.135.87.200
259,Davidde,Longcake,dlongcake76@is.gd,Male,84.151.254.31
260,Zebedee,Marcu,zmarcu77@psu.edu,Male,180.166.121.71
261,Aila,Antonsen,aantonsen78@amazonaws.com,Female,63.83.251.177
262,Nelly,Clothier,nclothier79@cisco.com,Female,61.146.228.252
263,Corinna,Button,cbutton7a@wikispaces.com,Female,222.108.16.4
264,Pier,Waind,pwaind7b@mayoclinic.com,Female,236.43.204.58
265,Twyla,Batteson,tbatteson7c@networksolutions.com,Female,79.114.13.127
266,Field,Trimmell,ftrimmell7d@reddit.com,Male,115.49.41.4
267,Ripley,Juszczak,rjuszczak7e@xing.com,Male,33.203.68.125
268,Christal,Addyman,caddyman7f@jigsy.com,Female,223.70.207.219
269,Gerladina,Marrett,gmarrett7g@myspace.com,Female,169.10.170.155
270,Trumann,Hodge,thodge7h@nationalgeographic.com,Male,113.56.225.111
271,Tab,Schruyers,tschruyers7i@youku.com,Male,20.230.198.101
272,Eula,Kenningham,ekenningham7j@lycos.com,Female,234.132.15.44
273,Zea,Penbarthy,zpenbarthy7k@elpais.com,Female,181.155.116.70
274,Gonzales,Faulconer,gfaulconer7l@comcast.net,Male,191.27.198.184
275,Sascha,Bosket,sbosket7m@jigsy.com,Male,131.171.90.190
276,Brod,Luttger,bluttger7n@slideshare.net,Male,182.156.153.140
277,Adiana,Dyke,adyke7o@ocn.ne.jp,Female,10.70.154.110
278,Jeannette,Fairey,jfairey7p@oakley.com,Female,170.139.205.197
279,Mozes,Vicent,mvicent7q@cornell.edu,Male,252.221.164.110
280,Ara,Patmore,apatmore7r@fema.gov,Polygender,20.78.151.239
281,Emiline,Pardoe,epardoe7s@canalblog.com,Female,86.232.138.196
282,Hakim,Housbey,hhousbey7t@myspace.com,Male,179.174.83.246
283,Jamill,Tiltman,jtiltman7u@cargocollective.com,Male,92.120.87.46
284,Kellina,Pessold,kpessold7v@jigsy.com,Female,79.87.219.123
285,Zak,Swinden,zswinden7w@fema.gov,Male,52.62.131.241
286,Obadiah,Sealove,osealove7x@redcross.org,Male,237.130.188.149
287,Foss,Betterton,fbetterton7y@themeforest.net,Male,53.119.253.147
288,Evered,Danaher,edanaher7z@ucoz.ru,Male,224.210.121.251
289,Lib,Lowther,llowther80@opensource.org,Female,82.22.198.209
290,Devlin,Pestell,dpestell81@webmd.com,Genderqueer,111.104.97.18
291,Brear,MacCafferty,bmaccafferty82@zimbio.com,Genderqueer,225.195.63.75
292,Lynne,Cardiff,lcardiff83@csmonitor.com,Female,90.176.128.82
293,Fonzie,O'Gormally,fogormally84@linkedin.com,Male,5.40.4.224
294,Carline,Choulerton,cchoulerton85@epa.gov,Female,36.14.25.152
295,Waylin,Deinhardt,wdeinhardt86@about.com,Bigender,239.220.255.105
296,Tammy,Hiers,thiers87@prlog.org,Male,190.180.169.227
297,Frasquito,Masden,fmasden88@php.net,Male,40.73.224.60
298,Elli,Gorry,egorry89@shareasale.com,Female,127.85.213.160
299,Marius,Idwal Evans,midwalevans8a@smh.com.au,Male,150.15.210.41
300,Tony,Merner,tmerner8b@g.co,Female,140.154.149.88
301,Ellene,Kubu,ekubu8c@epa.gov,Female,4.229.4.244
302,Jobyna,Radolf,jradolf8d@cyberchimps.com,Female,113.217.254.219
303,Franciskus,Dumbar,fdumbar8e@over-blog.com,Male,190.255.128.33
304,Percival,Maw,pmaw8f@sphinn.com,Male,171.6.149.226
305,Ethelred,Maffezzoli,emaffezzoli8g@disqus.com,Male,192.66.215.95
306,Audrie,Edworthie,aedworthie8h@ed.gov,Female,220.171.60.185
307,Merrili,Cursons,mcursons8i@soup.io,Genderfluid,152.97.76.171
308,Elmo,Leebeter,eleebeter8j@ftc.gov,Male,162.194.247.142
309,Marlo,Giacopelo,mgiacopelo8k@java.com,Male,66.134.205.86
310,Ewan,Fleisch,efleisch8l@uol.com.br,Male,73.213.7.126
311,Caroline,Onyon,conyon8m@symantec.com,Female,107.212.115.219
312,Con,Folomkin,cfolomkin8n@hubpages.com,Bigender,55.190.186.16
313,Julie,Mugleston,jmugleston8o@adobe.com,Female,205.142.115.91
314,Jenda,Verrico,jverrico8p@imgur.com,Female,242.13.142.162
315,Justin,Brisbane,jbrisbane8q@privacy.gov.au,Male,81.37.255.223
316,Emelda,Rawe,erawe8r@360.cn,Female,174.151.123.223
317,Padraic,Aldersey,paldersey8s@g.co,Male,99.212.34.38
318,Lelah,Cleveley,lcleveley8t@studiopress.com,Female,172.234.87.19
319,Anabal,Lillo,alillo8u@macromedia.com,Bigender,117.22.133.26
320,Hynda,Ackenson,hackenson8v@ftc.gov,Female,152.183.123.191
321,Alleyn,McNess,amcness8w@i2i.jp,Male,231.217.159.14
322,Lynnell,Mustchin,lmustchin8x@cloudflare.com,Female,185.145.221.46
323,Amata,Pankettman,apankettman8y@opera.com,Genderfluid,64.21.113.123
324,Pinchas,Bleazard,pbleazard8z@dot.gov,Male,9.164.220.140
325,Wilmar,Uden,wuden90@storify.com,Male,72.112.118.145
326,Ferris,Summerbell,fsummerbell91@bloglovin.com,Male,208.227.115.71
327,Ernie,Pitcaithly,epitcaithly92@histats.com,Male,57.224.18.99
328,Cchaddie,Ciccetti,cciccetti93@bing.com,Genderqueer,65.91.57.177
329,Hugues,Kenington,hkenington94@edublogs.org,Male,181.167.105.123
330,Caryl,Mower,cmower95@toplist.cz,Male,22.225.234.191
331,Jerald,Shard,jshard96@cnet.com,Male,48.16.161.69
332,Dulcea,Willman,dwillman97@youku.com,Female,25.119.161.173
333,Bartolemo,Bluett,bbluett98@unicef.org,Male,40.223.151.8
334,Zedekiah,Gittus,zgittus99@spiegel.de,Male,159.251.246.124
335,Gaylord,Russell,grussell9a@jigsy.com,Genderfluid,82.148.226.186
336,Truman,O'Connolly,toconnolly9b@yale.edu,Male,175.148.128.20
337,Sigismundo,Wadmore,swadmore9c@yahoo.com,Male,213.163.205.36
338,Maison,Sedge,msedge9d@themeforest.net,Male,22.169.150.157
339,Bran,De Ambrosis,bdeambrosis9e@harvard.edu,Male,145.34.121.249
340,Glen,La Torre,glatorre9f@feedburner.com,Female,238.167.58.166
341,Boone,Crosson,bcrosson9g@dot.gov,Male,129.136.153.229
342,Loretta,Fountian,lfountian9h@slate.com,Female,181.11.102.58
343,Robbi,MacNair,rmacnair9i@biblegateway.com,Female,105.125.98.95
344,Conan,Burrells,cburrells9j@sciencedirect.com,Male,122.175.172.53
345,Merwin,Sudy,msudy9k@netscape.com,Male,9.64.170.69
346,Pablo,Drejer,pdrejer9l@un.org,Genderqueer,108.237.2.59
347,Casey,Chattaway,cchattaway9m@purevolume.com,Female,125.52.40.30
348,Cristi,Doubrava,cdoubrava9n@noaa.gov,Female,206.67.247.196
349,Muffin,Beamond,mbeamond9o@pen.io,Male,130.175.253.144
350,Murdoch,Kenningham,mkenningham9p@goo.gl,Male,29.190.196.5
351,Woody,Whates,wwhates9q@guardian.co.uk,Male,100.68.110.183
352,Tyrus,Gloyens,tgloyens9r@marketwatch.com,Male,58.135.61.233
353,Diarmid,Caban,dcaban9s@feedburner.com,Non-binary,250.121.214.25
354,Araldo,Benini,abenini9t@flickr.com,Male,249.117.121.4
355,Trefor,Hesse,thesse9u@cisco.com,Male,209.167.76.215
356,Evy,Kornalik,ekornalik9v@oaic.gov.au,Female,109.195.42.209
357,Lorine,Krates,lkrates9w@toplist.cz,Female,89.42.221.227
358,Paul,Benedick,pbenedick9x@webs.com,Male,101.220.197.68
359,Noelyn,McAlroy,nmcalroy9y@ucla.edu,Female,190.86.254.163
360,Siobhan,Melley,smelley9z@jugem.jp,Female,250.90.223.255
361,Geno,Mendez,gmendeza0@pbs.org,Male,99.143.245.81
362,Rudy,Eiler,reilera1@gravatar.com,Male,105.189.81.64
363,Darryl,Merrigans,dmerrigansa2@sciencedirect.com,Male,205.32.61.178
364,Peter,Laister,plaistera3@tuttocitta.it,Male,247.133.145.47
365,Bink,Bloxam,bbloxama4@e-recht24.de,Male,106.223.252.229
366,Dori,Leat,dleata5@go.com,Female,169.71.144.9
367,Philippe,Fatharly,pfatharlya6@whitehouse.gov,Female,45.199.151.166
368,Lorilyn,Blazynski,lblazynskia7@ustream.tv,Non-binary,148.32.10.27
369,Rebekkah,Fordy,rfordya8@tripod.com,Female,67.155.75.43
370,Janene,Freckelton,jfreckeltona9@yellowbook.com,Agender,49.200.196.167
371,Stafani,Shenton,sshentonaa@networksolutions.com,Female,70.251.160.178
372,Kesley,Eloi,keloiab@uol.com.br,Female,248.29.40.188
373,Miguela,MacCorley,mmaccorleyac@sbwire.com,Female,179.225.102.173
374,Gilles,Eddies,geddiesad@webnode.com,Non-binary,46.222.83.31
375,Krystal,Shelvey,kshelveyae@howstuffworks.com,Female,209.127.115.163
376,Loren,Greenacre,lgreenacreaf@4shared.com,Female,67.93.157.255
377,Erwin,Grabb,egrabbag@ted.com,Male,4.221.208.254
378,Gallagher,McGilvra,gmcgilvraah@wiley.com,Male,158.44.152.70
379,Arnuad,Loudwell,aloudwellai@mlb.com,Male,222.243.130.164
380,Heddi,Borrow,hborrowaj@chron.com,Female,155.35.106.53
381,Addison,Blooman,abloomanak@discovery.com,Male,154.200.144.5
382,Rawley,Ocklin,rocklinal@blogger.com,Non-binary,123.204.238.117
383,Iseabal,Denizet,idenizetam@amazonaws.com,Female,146.164.241.79
384,Gus,Finnimore,gfinnimorean@dailymail.co.uk,Male,86.134.33.224
385,Jerrold,Gooderson,jgoodersonao@sohu.com,Male,144.18.113.176
386,Faustine,Lampel,flampelap@state.tx.us,Female,85.117.239.105
387,Heriberto,Molines,hmolinesaq@webnode.com,Genderfluid,215.74.240.210
388,Bertie,Lindblad,blindbladar@bbb.org,Female,100.187.38.40
389,Rosanne,Paulusch,rpauluschas@icio.us,Female,102.147.201.178
390,Ara,Tomson,atomsonat@yellowpages.com,Genderfluid,195.222.165.21
391,Gregor,Pretsell,gpretsellau@shinystat.com,Male,244.13.152.96
392,Nils,Kinsella,nkinsellaav@nature.com,Male,144.194.126.135
393,Shara,Scoffins,sscoffinsaw@sun.com,Female,184.18.93.165
394,Kiri,Goulbourne,kgoulbourneax@java.com,Female,54.216.214.163
395,Elsey,Yann,eyannay@vinaora.com,Female,5.134.10.130
396,Archaimbaud,Feldhuhn,afeldhuhnaz@sfgate.com,Male,176.8.24.1
397,Jehanna,Greet,jgreetb0@myspace.com,Female,49.63.170.153
398,Aaren,Luckett,aluckettb1@nsw.gov.au,Female,108.90.85.57
399,Karolina,Medlen,kmedlenb2@mit.edu,Female,36.56.137.208
400,Ursula,Fransoni,ufransonib3@slideshare.net,Female,154.89.138.213
401,Ingmar,Fendt,ifendtb4@umn.edu,Male,163.165.232.66
402,Sallyann,Kulver,skulverb5@dropbox.com,Female,54.201.67.15
403,Susette,Brame,sbrameb6@w3.org,Female,161.144.219.107
404,Thadeus,Jacobsohn,tjacobsohnb7@flavors.me,Male,81.56.100.232
405,Meade,Cripps,mcrippsb8@netscape.com,Female,128.10.28.174
406,Foster,Mott,fmottb9@imageshack.us,Male,248.38.138.52
407,Wendi,Jozsef,wjozsefba@usgs.gov,Female,57.197.215.220
408,Ilka,Tilby,itilbybb@senate.gov,Female,103.229.221.10
409,Tessi,Nestor,tnestorbc@amazon.co.jp,Female,236.98.55.85
410,Arel,Bocking,abockingbd@eventbrite.com,Male,151.187.83.159
411,Cesaro,Cancellieri,ccancellieribe@washington.edu,Male,40.184.239.182
412,Fidel,Viveash,fviveashbf@sfgate.com,Male,243.49.123.178
413,Rand,Hansell,rhansellbg@parallels.com,Male,224.78.88.70
414,Laraine,Todarello,ltodarellobh@netscape.com,Female,132.204.209.143
415,Kriste,Dickerson,kdickersonbi@diigo.com,Female,124.79.43.51
416,Kerry,Marcq,kmarcqbj@pbs.org,Female,237.194.235.47
417,Aida,Arrighini,aarrighinibk@zimbio.com,Female,32.49.232.112
418,Dud,Burgen,dburgenbl@google.com,Male,255.123.77.170
419,Kendrick,Pawellek,kpawellekbm@state.gov,Male,177.8.126.165
420,Pepe,Geratt,pgerattbn@twitter.com,Male,73.96.117.4
421,Gabriele,Brizland,gbrizlandbo@hostgator.com,Male,165.229.148.133
422,Godfree,Menichino,gmenichinobp@wordpress.org,Male,139.94.240.6
423,Adela,Challoner,achallonerbq@netlog.com,Female,128.186.249.22
424,Merl,Reis,mreisbr@discuz.net,Female,63.110.112.51
425,Irina,Vaisey,ivaiseybs@drupal.org,Female,164.162.232.119
426,Ludwig,Stollhofer,lstollhoferbt@studiopress.com,Male,107.157.3.131
427,Owen,Clarey,oclareybu@ca.gov,Male,218.21.70.160
428,Bryon,Allonby,ballonbybv@fc2.com,Male,92.28.249.133
429,Cyndie,Verity,cveritybw@census.gov,Female,213.167.125.195
430,Jordana,Kellard,jkellardbx@wsj.com,Female,123.90.167.198
431,Burlie,Kluge,bklugeby@joomla.org,Male,29.247.53.37
432,Urban,Emps,uempsbz@china.com.cn,Male,252.92.63.213
433,Leese,Wooster,lwoosterc0@wiley.com,Female,106.194.135.232
434,Kimmie,McCaughran,kmccaughranc1@wix.com,Female,67.164.95.43
435,Amerigo,Valois,avaloisc2@flavors.me,Male,22.31.222.60
436,Emlyn,Cleeves,ecleevesc3@cdc.gov,Male,135.3.186.160
437,Lezlie,Ferrarini,lferrarinic4@aboutads.info,Female,47.132.65.80
438,Alta,Ansty,aanstyc5@dailymail.co.uk,Female,146.77.108.239
439,Marcille,Nunn,mnunnc6@weather.com,Female,162.147.120.22
440,Adina,Jeaneau,ajeaneauc7@histats.com,Female,112.5.119.43
441,Cull,Race,cracec8@1und1.de,Male,89.204.184.212
442,Alexio,Gors,agorsc9@house.gov,Male,218.242.177.237
443,Meyer,O'Brien,mobrienca@techcrunch.com,Male,86.103.24.162
444,Sherilyn,Wallwork,swallworkcb@guardian.co.uk,Female,132.161.75.162
445,Moses,Bownass,mbownasscc@google.de,Genderqueer,39.119.191.75
446,Andromache,Breukelman,abreukelmancd@imdb.com,Female,227.206.218.76
447,Gwenni,Fullman,gfullmance@hp.com,Female,223.171.216.39
448,Hayward,Wolfindale,hwolfindalecf@uol.com.br,Male,219.26.52.129
449,Abbi,Corwin,acorwincg@abc.net.au,Female,159.138.3.23
450,Griz,Radden,graddench@myspace.com,Male,220.66.47.22
451,Kalli,Duham,kduhamci@bizjournals.com,Female,221.140.82.196
452,Perry,Murrison,pmurrisoncj@statcounter.com,Non-binary,13.140.49.21
453,Pacorro,Basler,pbaslerck@epa.gov,Male,250.77.243.138
454,Sheryl,Mobberley,smobberleycl@thetimes.co.uk,Female,25.245.130.136
455,Zelda,Whyberd,zwhyberdcm@parallels.com,Female,32.28.243.78
456,Sean,Ebertz,sebertzcn@aol.com,Male,175.37.90.112
457,Valeria,Honacker,vhonackerco@kickstarter.com,Female,65.34.185.14
458,Cherie,Naylor,cnaylorcp@t-online.de,Female,137.84.235.165
459,Leroi,Oldland,loldlandcq@ibm.com,Male,98.14.235.225
460,Willy,Robertacci,wrobertaccicr@apple.com,Female,84.1.217.55
461,Zena,Jaher,zjahercs@yandex.ru,Female,13.200.184.196
462,Reinhard,Mordon,rmordonct@yellowpages.com,Male,119.90.41.62
463,Adrea,Gianolo,agianolocu@slate.com,Female,234.194.143.165
464,Vaughan,Laverty,vlavertycv@go.com,Male,234.83.198.181
465,Val,Roggerone,vroggeronecw@latimes.com,Female,254.47.169.173
466,Papageno,Ebbing,pebbingcx@tumblr.com,Male,113.117.133.225
467,Lauritz,Gallandre,lgallandrecy@hostgator.com,Male,19.191.71.49
468,Bridget,Chitty,bchittycz@nih.gov,Female,255.128.92.125
469,Dionisio,Moizer,dmoizerd0@bloomberg.com,Male,142.242.196.239
470,Boy,Morbey,bmorbeyd1@theguardian.com,Male,198.252.60.149
471,Kincaid,Michelmore,kmichelmored2@oaic.gov.au,Male,96.179.152.244
472,Angel,Ruperti,arupertid3@list-manage.com,Female,132.156.199.81
473,Brandon,Pilipets,bpilipetsd4@stumbleupon.com,Male,247.80.208.33
474,Niles,Burdis,nburdisd5@cbsnews.com,Male,186.17.230.236
475,Astrix,Landsberg,alandsbergd6@soundcloud.com,Female,55.114.70.227
476,Ashely,Gawthorpe,agawthorped7@privacy.gov.au,Female,187.127.94.109
477,Benetta,Dionisi,bdionisid8@cpanel.net,Female,96.160.254.193
478,Robers,Chrystal,rchrystald9@mtv.com,Male,121.129.84.52
479,Phylis,Shaefer,pshaeferda@ca.gov,Female,200.94.254.75
480,Katleen,Girardey,kgirardeydb@columbia.edu,Female,26.208.110.125
481,Sheeree,Tyrer,styrerdc@acquirethisname.com,Female,232.232.37.147
482,Darelle,Stonehouse,dstonehousedd@sun.com,Female,125.77.73.92
483,Lia,Grigor,lgrigorde@nymag.com,Female,113.8.226.82
484,Lanni,McCullum,lmccullumdf@squidoo.com,Female,93.9.165.245
485,Keene,Curtain,kcurtaindg@geocities.jp,Male,107.61.155.215
486,Randee,Boyack,rboyackdh@t-online.de,Female,111.61.112.199
487,Temp,Loan,tloandi@noaa.gov,Male,236.104.30.52
488,Tiffi,Dockreay,tdockreaydj@prweb.com,Female,211.92.217.90
489,Earlie,Raffeorty,eraffeortydk@spiegel.de,Male,131.192.51.221
490,Katinka,Sutch,ksutchdl@odnoklassniki.ru,Agender,160.93.67.255
491,Freida,Clearley,fclearleydm@histats.com,Female,188.99.112.233
492,Howie,Pluvier,hpluvierdn@mozilla.org,Male,54.26.140.134
493,Melisenda,Lammenga,mlammengado@devhub.com,Female,99.64.100.41
494,Con,Muffett,cmuffettdp@apple.com,Female,67.175.105.79
495,Sven,Ship,sshipdq@dell.com,Male,230.16.128.142
496,Mordecai,Huster,mhusterdr@t-online.de,Male,223.168.72.148
497,Gabriele,Struttman,gstruttmands@go.com,Male,201.65.98.7
498,Norine,Ades,nadesdt@google.co.uk,Female,118.240.187.209
499,Jerrome,Dudbridge,jdudbridgedu@so-net.ne.jp,Male,50.5.171.42
500,Johannah,Linnemann,jlinnemanndv@newsvine.com,Genderqueer,105.7.157.10
501,Felicity,MacAnespie,fmacanespiedw@msu.edu,Female,231.239.168.109
502,Jerri,Lidbetter,jlidbetterdx@cnn.com,Male,39.149.0.128
503,Waverly,Porkiss,wporkissdy@altervista.org,Male,186.104.154.136
504,Sunny,Neilan,sneilandz@un.org,Male,66.92.212.96
505,Peggi,Taudevin,ptaudevine0@imageshack.us,Female,219.43.125.91
506,Coriss,Jenno,cjennoe1@unc.edu,Female,64.220.215.193
507,Louella,Olivier,loliviere2@prweb.com,Female,170.66.0.201
508,Rem,Postians,rpostianse3@nbcnews.com,Male,63.213.212.57
509,Ariel,Kilbourn,akilbourne4@nifty.com,Bigender,171.181.49.46
510,Ingrim,Dimitriev,idimitrieve5@who.int,Male,239.5.107.255
511,Loni,Buse,lbusee6@google.cn,Female,1.15.67.54
512,Isaak,Jagels,ijagelse7@histats.com,Male,192.39.223.172
513,Andreas,Vankin,avankine8@vinaora.com,Male,202.184.243.16
514,Deane,Afield,dafielde9@ycombinator.com,Male,166.19.186.75
515,Dari,Eckhard,deckhardea@sogou.com,Female,212.199.187.249
516,Art,Bratch,abratcheb@wufoo.com,Male,161.201.36.57
517,Honor,Fransseni,hfransseniec@google.com.hk,Female,82.101.58.78
518,Aubry,Sloey,asloeyed@tinypic.com,Female,108.51.64.34
519,Humbert,Graine,hgraineee@google.co.jp,Male,143.45.131.76
520,Libbie,Bartholomieu,lbartholomieuef@rakuten.co.jp,Female,114.103.177.14
521,Mabelle,Jacklin,mjacklineg@walmart.com,Female,144.58.150.128
522,Selene,Bernini,sberninieh@blogspot.com,Female,191.184.181.69
523,Gaelan,Walasik,gwalasikei@printfriendly.com,Male,248.21.226.197
524,Nerta,Vigneron,nvigneronej@ed.gov,Female,91.198.250.208
525,Frayda,Blazy,fblazyek@theglobeandmail.com,Female,219.191.58.171
526,Darcy,Cawtheray,dcawtherayel@wufoo.com,Male,136.6.94.140
527,Bibby,Stanhope,bstanhopeem@vk.com,Female,0.146.117.66
528,Frank,Benedtti,fbenedttien@va.gov,Male,33.62.145.51
529,Delinda,Banke,dbankeeo@washingtonpost.com,Female,129.12.197.123
530,Dorita,O'Moylane,domoylaneep@forbes.com,Female,173.209.128.2
531,Raviv,Tock,rtockeq@auda.org.au,Male,11.146.186.120
532,Kristy,Shelper,kshelperer@printfriendly.com,Female,90.76.203.235
533,Pennie,MacNalley,pmacnalleyes@marriott.com,Female,53.235.101.75
534,Idalina,Bilovus,ibilovuset@vimeo.com,Female,220.198.0.130
535,Isa,Byles,ibyleseu@latimes.com,Male,241.199.166.230
536,Mord,Phant,mphantev@scientificamerican.com,Male,229.7.96.248
537,Anneliese,Casseldine,acasseldineew@imdb.com,Female,175.129.49.181
538,Wendye,Cayley,wcayleyex@answers.com,Female,216.32.221.47
539,Nanon,Rubinivitz,nrubinivitzey@techcrunch.com,Bigender,182.172.206.99
540,Leonanie,Malt,lmaltez@a8.net,Genderfluid,253.255.108.188
541,Clemmy,Bartolomeu,cbartolomeuf0@unesco.org,Male,108.137.208.191
542,Sabina,Hollerin,shollerinf1@usda.gov,Female,60.137.173.137
543,Elston,Colbertson,ecolbertsonf2@mayoclinic.com,Male,49.214.49.19
544,Aurore,Mitchley,amitchleyf3@1und1.de,Female,226.251.40.82
545,Bernardina,Letty,blettyf4@creativecommons.org,Female,170.176.173.105
546,Travus,Charlewood,tcharlewoodf5@multiply.com,Male,50.154.53.204
547,Dody,Worcester,dworcesterf6@hp.com,Non-binary,104.12.137.111
548,Mandel,Roebuck,mroebuckf7@storify.com,Male,174.133.130.240
549,Tam,Cofax,tcofaxf8@noaa.gov,Male,62.148.137.151
550,Nikolai,Dyke,ndykef9@cam.ac.uk,Male,10.145.138.227
551,Raphaela,Gieraths,rgierathsfa@lulu.com,Female,238.236.194.45
552,Abbye,Behn,abehnfb@cbslocal.com,Female,29.128.220.201
553,Claudelle,Signoret,csignoretfc@facebook.com,Female,135.106.135.39
554,Cornelius,Follacaro,cfollacarofd@reference.com,Male,223.187.62.123
555,Gaspar,Neilly,gneillyfe@sina.com.cn,Male,88.209.58.21
556,Dennie,Sheer,dsheerff@foxnews.com,Female,99.84.10.115
557,Cari,Whorlton,cwhorltonfg@lulu.com,Female,104.132.89.227
558,Charla,Pulver,cpulverfh@ning.com,Female,88.38.24.37
559,Tarah,Thirsk,tthirskfi@comsenz.com,Agender,78.37.70.111
560,Raquel,Toyer,rtoyerfj@globo.com,Female,4.5.129.95
561,Goldia,Wellbelove,gwellbelovefk@topsy.com,Female,43.33.176.93
562,Panchito,Chaplyn,pchaplynfl@amazon.de,Male,143.128.81.164
563,Hunt,Jansson,hjanssonfm@so-net.ne.jp,Male,116.121.238.152
564,Kristien,Argue,karguefn@kickstarter.com,Female,68.212.235.8
565,Carmella,Liffey,cliffeyfo@apple.com,Female,235.126.223.250
566,Taber,Ionesco,tionescofp@sbwire.com,Male,249.233.140.28
567,Catherina,Mantz,cmantzfq@creativecommons.org,Female,107.182.237.151
568,My,Gowrie,mgowriefr@yahoo.com,Male,36.216.186.138
569,Nessy,Gooly,ngoolyfs@barnesandnoble.com,Female,218.179.85.154
570,Con,Malone,cmaloneft@harvard.edu,Female,98.105.20.160
571,Kelcy,Yitzhakof,kyitzhakoffu@hc360.com,Female,208.43.197.94
572,Madelaine,Harry,mharryfv@businessinsider.com,Female,43.133.180.22
573,Miguel,Allmen,mallmenfw@ebay.com,Male,223.93.135.3
574,Cob,Romanini,cromaninifx@cbc.ca,Male,118.37.186.95
575,Audrye,McKinstry,amckinstryfy@t-online.de,Female,156.39.164.95
576,Grace,Planke,gplankefz@wiley.com,Agender,184.149.136.157
577,Emlyn,Gerardot,egerardotg0@thetimes.co.uk,Polygender,71.90.45.2
578,Rowland,Heskey,rheskeyg1@hatena.ne.jp,Male,223.96.41.230
579,Rachael,Titherington,rtitheringtong2@bing.com,Female,205.57.4.86
580,Aguistin,Anthony,aanthonyg3@mayoclinic.com,Male,225.119.62.249
581,Ulric,Stoller,ustollerg4@dion.ne.jp,Male,11.9.214.148
582,Forrest,De Filippi,fdefilippig5@phoca.cz,Male,109.10.126.230
583,Yoshiko,Elgood,yelgoodg6@livejournal.com,Female,170.92.65.127
584,Madelin,Heady,mheadyg7@baidu.com,Female,47.254.25.124
585,Romy,Lowrey,rlowreyg8@drupal.org,Female,236.90.243.229
586,Reagen,Hevey,rheveyg9@apple.com,Male,185.14.29.224
587,Neala,Espinal,nespinalga@freewebs.com,Non-binary,55.224.234.127
588,Abdul,Ebbing,aebbinggb@bloglines.com,Male,67.191.3.241
589,Benton,Conan,bconangc@weebly.com,Male,244.106.225.160
590,Wildon,Lokier,wlokiergd@skyrock.com,Male,119.13.246.86
591,Annecorinne,Lucken,aluckenge@nytimes.com,Female,200.156.195.160
592,David,Swanne,dswannegf@about.com,Male,59.118.219.133
593,Inger,Tight,itightgg@walmart.com,Female,143.28.174.3
594,Romola,Bolver,rbolvergh@wikipedia.org,Female,63.60.59.32
595,Breanne,Hacksby,bhacksbygi@google.co.uk,Female,65.96.59.229
596,Caralie,Moresby,cmoresbygj@bloglovin.com,Female,120.237.220.90
597,Gustav,Brookwell,gbrookwellgk@bloglines.com,Male,63.121.226.228
598,Bartholomeo,Stockall,bstockallgl@yahoo.com,Male,53.151.163.192
599,Fabiano,Heminsley,fheminsleygm@google.de,Male,226.155.107.82
600,Richie,Roman,rromangn@yale.edu,Male,248.65.192.62
601,Dieter,Fieldsend,dfieldsendgo@google.fr,Male,210.16.213.35
602,Eleanor,Cathrae,ecathraegp@sphinn.com,Female,13.48.242.61
603,Jan,Scantlebury,jscantleburygq@nbcnews.com,Female,245.44.73.40
604,Quintina,Bru,qbrugr@com.com,Female,193.131.8.79
605,Daniela,Dady,ddadygs@noaa.gov,Female,161.67.5.241
606,Marinna,Whelband,mwhelbandgt@webeden.co.uk,Female,38.45.136.235
607,Deloria,Arnao,darnaogu@alexa.com,Female,156.18.40.205
608,Maxim,Coppard,mcoppardgv@domainmarket.com,Male,45.227.9.147
609,Hope,Yon,hyongw@wix.com,Female,205.156.47.119
610,Blaine,Dahlback,bdahlbackgx@howstuffworks.com,Male,30.60.98.103
611,Modesty,Ferreli,mferreligy@netlog.com,Female,37.41.100.235
612,Corena,Doppler,cdopplergz@wired.com,Agender,212.74.214.186
613,Avery,Aldington,aaldingtonh0@globo.com,Male,248.231.197.85
614,Steward,Esplin,sesplinh1@friendfeed.com,Male,140.124.237.19
615,Cassey,Ceschini,cceschinih2@hostgator.com,Female,61.160.145.224
616,Teirtza,Saltsberg,tsaltsbergh3@usda.gov,Female,165.49.7.206
617,Avrom,Dabell,adabellh4@rambler.ru,Male,33.111.32.31
618,Oran,McCullum,omccullumh5@reverbnation.com,Male,70.139.4.103
619,Jackson,Seman,jsemanh6@example.com,Male,29.104.234.7
620,Ira,Wooller,iwoollerh7@networksolutions.com,Female,22.191.181.56
621,Temp,Bromidge,tbromidgeh8@123-reg.co.uk,Male,141.154.183.88
622,Irina,Todaro,itodaroh9@japanpost.jp,Female,51.35.217.195
623,Elsie,Clyma,eclymaha@webs.com,Female,203.142.86.61
624,Lionello,Suart,lsuarthb@alexa.com,Male,238.84.16.221
625,Filippo,Launchbury,flaunchburyhc@sciencedaily.com,Male,4.35.203.85
626,Martino,Wolfit,mwolfithd@dedecms.com,Male,220.1.50.118
627,Caryn,Musico,cmusicohe@msn.com,Female,253.124.5.38
628,Demeter,Wallace,dwallacehf@infoseek.co.jp,Female,175.162.240.142
629,Verla,Yakebowitch,vyakebowitchhg@biblegateway.com,Female,65.177.216.138
630,Fannie,Burdon,fburdonhh@discovery.com,Female,28.111.197.107
631,Reinwald,Bilbie,rbilbiehi@a8.net,Male,250.228.255.176
632,Benoite,Deards,bdeardshj@sohu.com,Female,137.83.178.196
633,Deb,Southerden,dsoutherdenhk@princeton.edu,Female,104.56.63.125
634,Miriam,Davenhill,mdavenhillhl@deliciousdays.com,Female,46.96.193.37
635,Julianna,Delepine,jdelepinehm@networksolutions.com,Female,49.196.242.194
636,Johnathon,Snaith,jsnaithhn@blinklist.com,Male,105.209.145.105
637,Bathsheba,Gentiry,bgentiryho@who.int,Female,196.56.155.20
638,Claudie,Aslen,caslenhp@bbb.org,Female,193.33.74.51
639,Derek,Dray,ddrayhq@state.tx.us,Male,93.0.214.133
640,Emelina,Loos,elooshr@pbs.org,Female,66.168.234.118
641,Kienan,Maurice,kmauricehs@tumblr.com,Male,79.156.37.10
642,Rollin,Alywen,ralywenht@networkadvertising.org,Male,187.225.205.147
643,Mikel,Phifer,mphiferhu@wikipedia.org,Male,138.229.131.42
644,Brantley,Eilert,beilerthv@privacy.gov.au,Male,37.223.44.52
645,Frederigo,Sommers,fsommershw@dropbox.com,Male,221.173.209.69
646,Thacher,Adshead,tadsheadhx@tamu.edu,Male,236.124.57.59
647,Arv,Sancias,asanciashy@amazonaws.com,Male,178.235.135.47
648,Constancy,Pitford,cpitfordhz@de.vu,Female,202.196.204.111
649,Dawna,Heliet,dhelieti0@surveymonkey.com,Female,158.62.43.167
650,Perrine,Phil,pphili1@ucla.edu,Female,13.147.91.80
651,Bart,Lakeland,blakelandi2@miitbeian.gov.cn,Male,20.248.75.7
652,Law,Bryceson,lbrycesoni3@phoca.cz,Male,126.33.139.157
653,Isidora,Dalby,idalbyi4@unblog.fr,Genderqueer,136.205.37.220
654,Trevar,Tombleson,ttomblesoni5@irs.gov,Male,163.168.138.36
655,Sianna,Garfit,sgarfiti6@weibo.com,Female,247.41.140.206
656,Tull,Giacobo,tgiacoboi7@gnu.org,Male,4.153.126.204
657,Guglielmo,Jeffress,gjeffressi8@amazon.de,Male,133.82.54.161
658,Thebault,Rubert,truberti9@aboutads.info,Male,190.39.136.31
659,Gregg,Hyams,ghyamsia@bbb.org,Male,149.107.212.41
660,Karleen,Igonet,kigonetib@deviantart.com,Female,115.172.43.209
661,Kassandra,Hutt,khuttic@bloomberg.com,Female,247.55.0.87
662,Mendie,Snepp,msneppid@bloomberg.com,Non-binary,57.113.80.96
663,Romy,Johnys,rjohnysie@simplemachines.org,Female,20.16.240.77
664,Harman,Davidove,hdavidoveif@europa.eu,Agender,224.75.224.244
665,Farah,Crewe,fcreweig@arizona.edu,Female,165.177.40.217
666,Consalve,Hillburn,chillburnih@cdc.gov,Male,179.179.222.133
667,Robin,Feeny,rfeenyii@yelp.com,Male,240.172.159.237
668,Graham,Harris,gharrisij@google.fr,Male,235.120.233.16
669,Maddi,Beaney,mbeaneyik@unc.edu,Female,201.139.191.135
670,Carroll,Proske,cproskeil@usnews.com,Male,48.66.163.223
671,Arch,Order,aorderim@typepad.com,Male,103.220.145.241
672,Nicol,Rablin,nrablinin@ox.ac.uk,Male,155.89.186.116
673,Dominic,Amps,dampsio@nba.com,Genderfluid,136.52.123.212
674,Tatiania,Norgan,tnorganip@skype.com,Female,66.203.174.45
675,Pietro,Simcoe,psimcoeiq@europa.eu,Male,3.65.176.12
676,Elroy,Camplen,ecamplenir@hud.gov,Genderfluid,189.232.85.150
677,Matelda,Greaterex,mgreaterexis@unesco.org,Female,116.232.158.146
678,Celestyn,Championnet,cchampionnetit@dyndns.org,Female,150.104.75.170
679,Chas,Sneesbie,csneesbieiu@scribd.com,Male,73.253.12.2
680,Emeline,Minucci,eminucciiv@ucsd.edu,Female,249.109.72.57
681,Pierette,Boog,pboogiw@google.nl,Female,25.16.6.85
682,Rodolfo,Ackermann,rackermannix@shareasale.com,Non-binary,203.51.107.213
683,Selinda,Staynes,sstaynesiy@macromedia.com,Female,75.23.101.120
684,Lorry,Chmiel,lchmieliz@bloglines.com,Female,230.227.112.249
685,Greg,Akerman,gakermanj0@free.fr,Male,139.168.171.250
686,Parsifal,Sircomb,psircombj1@scientificamerican.com,Male,162.243.42.158
687,Karil,Trahar,ktraharj2@nih.gov,Female,226.18.209.164
688,Adriena,Franies,afraniesj3@statcounter.com,Female,244.144.38.161
689,Kamillah,Crutchfield,kcrutchfieldj4@addtoany.com,Female,155.43.175.226
690,Torey,Epple,tepplej5@quantcast.com,Genderfluid,202.136.163.33
691,Conrade,Gilstin,cgilstinj6@themeforest.net,Male,96.237.230.112
692,Mab,Jacklings,mjacklingsj7@php.net,Female,36.235.43.229
693,Cordell,Pallesen,cpallesenj8@marriott.com,Male,251.186.155.136
694,Mord,Bullus,mbullusj9@theguardian.com,Bigender,170.29.231.37
695,Seana,Copnar,scopnarja@surveymonkey.com,Female,232.79.69.102
696,Janaye,Van der Hoeven,jvanderhoevenjb@sourceforge.net,Genderfluid,183.161.14.168
697,Jodi,Kellett,jkellettjc@army.mil,Male,149.51.246.185
698,Krista,Base,kbasejd@geocities.jp,Female,141.97.46.4
699,Albina,Farrall,afarrallje@arstechnica.com,Female,25.154.0.59
700,Abbie,Dalgarnowch,adalgarnowchjf@pen.io,Female,118.202.117.90
701,Margaux,Menlow,mmenlowjg@go.com,Female,96.154.84.208
702,Myrah,Epsly,mepslyjh@foxnews.com,Female,118.70.104.95
703,Constantine,Luisetti,cluisettiji@msn.com,Male,56.107.116.167
704,Tannie,Crowder,tcrowderjj@google.de,Male,22.50.48.111
705,Freemon,Rideout,frideoutjk@sciencedaily.com,Genderqueer,21.225.219.179
706,Rachel,Hansbury,rhansburyjl@bigcartel.com,Female,240.192.58.130
707,Doloritas,Shinefield,dshinefieldjm@over-blog.com,Female,157.33.40.72
708,Bevin,Joddens,bjoddensjn@amazon.co.uk,Male,35.151.86.8
709,Witty,Lambourne,wlambournejo@upenn.edu,Male,6.42.100.246
710,Cissiee,Cawley,ccawleyjp@storify.com,Female,167.152.125.232
711,Rebe,Delacourt,rdelacourtjq@ifeng.com,Female,48.225.14.184
712,Fraser,Hurdis,fhurdisjr@whitehouse.gov,Male,123.111.108.169
713,Glennis,Pether,gpetherjs@sina.com.cn,Female,184.126.47.232
714,Dru,Elverstone,delverstonejt@squarespace.com,Male,31.226.93.27
715,Cchaddie,Rainford,crainfordju@japanpost.jp,Male,109.165.10.200
716,Lalo,Simonsen,lsimonsenjv@timesonline.co.uk,Male,157.44.55.134
717,Alejandro,Mc Dermid,amcdermidjw@nsw.gov.au,Polygender,69.60.19.46
718,Hercules,Kennham,hkennhamjx@ihg.com,Male,78.224.76.55
719,Dame,Pickover,dpickoverjy@typepad.com,Male,53.45.212.6
720,Gerald,Wardrope,gwardropejz@canalblog.com,Male,100.226.155.237
721,Danni,Sowray,dsowrayk0@nationalgeographic.com,Female,157.34.134.188
722,Tades,Orbine,torbinek1@dmoz.org,Male,173.225.8.12
723,Cindra,Crosfeld,ccrosfeldk2@microsoft.com,Female,239.197.114.62
724,Vasily,Pringley,vpringleyk3@dyndns.org,Male,51.61.219.158
725,Nye,Keats,nkeatsk4@purevolume.com,Male,165.19.43.135
726,Drucill,Besque,dbesquek5@gravatar.com,Female,22.85.150.102
727,Dawn,Floyde,dfloydek6@sohu.com,Female,233.83.167.194
728,Bertrand,Todarini,btodarinik7@seesaa.net,Male,185.254.200.126
729,Langsdon,Abelov,labelovk8@macromedia.com,Male,5.229.50.159
730,Gustaf,Leed,gleedk9@chicagotribune.com,Male,145.75.70.255
731,Hillary,Prattin,hprattinka@oakley.com,Bigender,124.124.54.87
732,Lotty,Harrowsmith,lharrowsmithkb@nymag.com,Female,215.227.187.176
733,Charmain,Downham,cdownhamkc@bbc.co.uk,Female,217.98.20.224
734,Adair,Pudner,apudnerkd@acquirethisname.com,Male,200.43.160.232
735,Cordie,Skates,cskateske@unesco.org,Female,233.39.98.36
736,Gwenni,Dingsdale,gdingsdalekf@admin.ch,Female,252.174.93.159
737,Warden,St. Clair,wstclairkg@homestead.com,Genderqueer,206.33.121.108
738,Jeane,Sulman,jsulmankh@domainmarket.com,Female,231.35.139.112
739,Glen,Challener,gchallenerki@twitpic.com,Male,14.24.60.21
740,Marven,Devereu,mdevereukj@acquirethisname.com,Male,1.58.97.184
741,Elga,Eggleson,eegglesonkk@sciencedaily.com,Female,122.70.19.215
742,Ulises,Stearndale,ustearndalekl@wikimedia.org,Genderfluid,140.51.143.183
743,Dana,Gounod,dgounodkm@prnewswire.com,Male,182.209.27.100
744,Norina,Gonnely,ngonnelykn@booking.com,Female,145.27.121.3
745,Davide,Sibthorpe,dsibthorpeko@yelp.com,Male,70.180.233.28
746,Moe,Crich,mcrichkp@forbes.com,Male,231.49.50.181
747,Trueman,Partkya,tpartkyakq@tamu.edu,Male,197.229.209.221
748,Antone,Bonhill,abonhillkr@amazon.co.jp,Male,36.15.174.58
749,Flemming,Dudderidge,fdudderidgeks@aol.com,Male,108.68.186.17
750,Norrie,O'Cahsedy,nocahsedykt@wufoo.com,Female,168.141.158.228
751,Shandee,Elders,seldersku@xing.com,Female,191.253.249.181
752,Rebecca,Bibbie,rbibbiekv@ning.com,Female,5.131.66.153
753,Ludovika,Lanphier,llanphierkw@taobao.com,Female,17.12.255.77
754,Darrin,Rosensaft,drosensaftkx@twitter.com,Male,78.76.164.2
755,Ulrich,Cicetti,ucicettiky@cocolog-nifty.com,Male,227.89.204.115
756,Eugenio,Agate,eagatekz@privacy.gov.au,Male,155.192.112.225
757,Drucie,Daw,ddawl0@moonfruit.com,Female,85.20.43.93
758,Hashim,Cauderlie,hcauderliel1@slideshare.net,Male,38.201.72.135
759,Felike,Ledson,fledsonl2@telegraph.co.uk,Male,37.148.218.223
760,Mignon,Heineken,mheinekenl3@dion.ne.jp,Female,152.143.97.226
761,Jarvis,Wolvey,jwolveyl4@house.gov,Male,84.161.85.107
762,Fred,Bellworthy,fbellworthyl5@yandex.ru,Male,89.109.69.211
763,Saunder,Besant,sbesantl6@shareasale.com,Polygender,227.33.158.84
764,Catina,Franssen,cfranssenl7@mac.com,Female,50.162.235.72
765,Antonino,Halegarth,ahalegarthl8@abc.net.au,Male,224.201.157.170
766,Alexi,Cakes,acakesl9@pagesperso-orange.fr,Female,172.247.179.217
767,Emmalynn,McVity,emcvityla@friendfeed.com,Female,118.130.189.228
768,Kania,Cobbold,kcobboldlb@tuttocitta.it,Female,187.22.142.86
769,Monro,Frobisher,mfrobisherlc@symantec.com,Male,189.31.94.93
770,Amby,Gedge,agedgeld@mit.edu,Male,195.10.63.103
771,Thelma,Kither,tkitherle@ifeng.com,Female,206.95.123.113
772,Auberon,Eslie,aeslielf@forbes.com,Male,16.253.148.175
773,Janeen,Joney,jjoneylg@reddit.com,Female,163.84.216.167
774,Kleon,Woolfenden,kwoolfendenlh@unblog.fr,Male,194.213.75.151
775,Leona,Alldread,lalldreadli@yandex.ru,Female,126.208.92.203
776,Tomas,Coulling,tcoullinglj@go.com,Non-binary,230.173.94.162
777,Alfonse,Philott,aphilottlk@uiuc.edu,Male,207.63.52.60
778,Phyllis,Weine,pweinell@icio.us,Female,58.19.0.194
779,Pascale,Dilston,pdilstonlm@tiny.cc,Male,214.76.195.117
780,Deidre,Kadwallider,dkadwalliderln@theguardian.com,Female,241.55.26.96
781,Blaine,Mertgen,bmertgenlo@ted.com,Male,149.166.115.71
782,Josie,Brower,jbrowerlp@usgs.gov,Female,171.149.166.23
783,Herold,Buncom,hbuncomlq@ucoz.ru,Male,203.22.110.140
784,Grenville,Arnaldi,garnaldilr@japanpost.jp,Genderqueer,206.240.53.150
785,Adelaida,Seagrave,aseagravels@taobao.com,Female,170.161.131.147
786,Bernadene,Leary,blearylt@house.gov,Female,232.100.210.36
787,Faith,Boobyer,fboobyerlu@google.nl,Genderqueer,170.202.44.230
788,Allie,Aizlewood,aaizlewoodlv@cmu.edu,Bigender,181.163.33.75
789,Alanson,Beggio,abeggiolw@shutterfly.com,Male,253.204.208.54
790,Martyn,Leydon,mleydonlx@clickbank.net,Male,81.198.51.72
791,Dacia,Davenell,ddavenellly@gravatar.com,Female,81.25.44.225
792,Joete,Splevins,jsplevinslz@disqus.com,Agender,94.99.225.241
793,Jeramey,Szymon,jszymonm0@com.com,Polygender,215.8.152.40
794,Thedric,Reinhard,treinhardm1@china.com.cn,Male,254.45.63.218
795,Bobbi,Gehrels,bgehrelsm2@salon.com,Female,183.79.152.223
796,Addi,Aguirre,aaguirrem3@sakura.ne.jp,Genderfluid,141.33.30.66
797,Edvard,Seller,esellerm4@moonfruit.com,Male,173.159.251.48
798,Stephan,Tomczynski,stomczynskim5@nasa.gov,Male,109.234.196.194
799,Lowell,Ventris,lventrism6@epa.gov,Male,91.153.216.155
800,Brinn,Seabon,bseabonm7@umich.edu,Female,126.78.233.2
801,Rafaelita,Bellard,rbellardm8@hc360.com,Female,53.66.237.250
802,Blancha,Skelding,bskeldingm9@apache.org,Female,242.117.93.46
803,Rebbecca,Feronet,rferonetma@xrea.com,Female,233.125.232.29
804,Fanchette,Harms,fharmsmb@vk.com,Female,12.71.130.32
805,Jackquelin,Shales,jshalesmc@fastcompany.com,Female,32.19.138.36
806,Darbee,Bracey,dbraceymd@123-reg.co.uk,Male,214.37.254.220
807,Hadrian,While,hwhileme@wufoo.com,Male,130.142.31.7
808,Lucine,Couves,lcouvesmf@slate.com,Female,206.92.106.159
809,Bee,Kerswill,bkerswillmg@google.com,Female,133.177.223.246
810,Shannon,Ratley,sratleymh@loc.gov,Non-binary,204.228.172.238
811,Audre,Gorwood,agorwoodmi@mozilla.com,Bigender,49.197.72.254
812,Vin,Hrachovec,vhrachovecmj@tinyurl.com,Male,111.175.254.149
813,Antonella,Hillborne,ahillbornemk@purevolume.com,Female,47.3.124.134
814,Yves,Bedbury,ybedburyml@4shared.com,Male,170.132.160.232
815,Davy,Pinckney,dpinckneymm@deliciousdays.com,Genderfluid,162.100.0.119
816,Delmore,Arnecke,darneckemn@indiegogo.com,Male,246.226.251.98
817,Manon,Rofe,mrofemo@unc.edu,Female,106.200.151.2
818,Wade,Hughes,whughesmp@cpanel.net,Male,46.39.150.116
819,Alvis,Pavie,apaviemq@nationalgeographic.com,Polygender,54.70.76.37
820,Thornton,Treweek,ttreweekmr@themeforest.net,Male,81.142.178.27
821,Calypso,Sudy,csudyms@joomla.org,Female,132.90.46.71
822,Bailie,Eingerfield,beingerfieldmt@nbcnews.com,Male,4.6.125.135
823,Hillard,Altimas,haltimasmu@nbcnews.com,Male,119.96.217.250
824,Gordy,Crumley,gcrumleymv@cdc.gov,Male,85.242.125.129
825,Jayme,Beneteau,jbeneteaumw@theatlantic.com,Male,86.38.137.239
826,Samara,Danford,sdanfordmx@imdb.com,Female,170.149.105.222
827,Davina,Gault,dgaultmy@cafepress.com,Female,187.50.155.205
828,Maribeth,Torry,mtorrymz@nasa.gov,Genderqueer,221.174.109.176
829,Archibaldo,Mountstephen,amountstephenn0@forbes.com,Male,217.142.16.164
830,Jourdan,Coules,jcoulesn1@loc.gov,Female,72.19.144.149
831,Caroline,McSkeagan,cmcskeagann2@buzzfeed.com,Female,20.132.139.145
832,Angus,Rendle,arendlen3@yelp.com,Male,247.46.41.24
833,Cassius,Schaffel,cschaffeln4@qq.com,Male,171.217.42.14
834,Malorie,Petegree,mpetegreen5@geocities.jp,Female,188.138.38.150
835,Man,Nieass,mnieassn6@nps.gov,Male,143.190.16.248
836,Kathleen,Kinmond,kkinmondn7@fastcompany.com,Female,254.124.125.157
837,Nelly,Ruppert,nruppertn8@cbc.ca,Female,186.33.217.166
838,Rivi,Zuan,rzuann9@com.com,Female,131.235.202.197
839,Udell,Flecknoe,uflecknoena@yandex.ru,Male,221.47.146.4
840,Amerigo,Holwell,aholwellnb@harvard.edu,Male,96.145.168.160
841,Gilemette,Seares,gsearesnc@youku.com,Female,159.165.54.40
842,Byrann,Abrahm,babrahmnd@booking.com,Male,95.18.151.25
843,Luther,Floyd,lfloydne@lycos.com,Male,111.82.218.128
844,Ardenia,Northin,anorthinnf@state.tx.us,Female,56.249.43.252
845,Rickie,Gobat,rgobatng@bravesites.com,Polygender,218.141.250.164
846,Britt,Crassweller,bcrasswellernh@xrea.com,Male,60.34.71.155
847,Eve,Weal,ewealni@360.cn,Female,142.202.107.198
848,Gregoire,Duggen,gduggennj@noaa.gov,Male,33.77.66.195
849,Kinny,Alentyev,kalentyevnk@live.com,Non-binary,124.28.191.233
850,Consalve,Prine,cprinenl@quantcast.com,Male,148.173.167.141
851,Berke,Stadden,bstaddennm@newyorker.com,Male,3.135.157.114
852,Cati,Chitham,cchithamnn@linkedin.com,Female,105.236.69.158
853,Hieronymus,Drinkel,hdrinkelno@chron.com,Male,235.3.162.108
854,Pernell,Gasgarth,pgasgarthnp@alexa.com,Male,244.230.86.141
855,Bride,Pigrome,bpigromenq@businessinsider.com,Female,241.63.241.87
856,Jourdan,Tomini,jtomininr@nymag.com,Female,107.49.219.199
857,Tracy,Stoffers,tstoffersns@flavors.me,Male,7.199.165.198
858,Penn,MacManus,pmacmanusnt@comcast.net,Male,44.0.101.15
859,Faunie,Lafflina,flafflinanu@miibeian.gov.cn,Female,180.21.71.49
860,Albertina,Frayne,afraynenv@google.com.au,Female,9.77.184.158
861,Ethyl,Atwater,eatwaternw@cornell.edu,Female,194.134.117.249
862,Maryjane,Beaze,mbeazenx@joomla.org,Female,24.86.185.9
863,Krista,Kinig,kkinigny@typepad.com,Female,232.160.73.52
864,Allard,Gullan,agullannz@about.me,Male,161.159.193.205
865,Bev,Rahl,brahlo0@weebly.com,Female,214.98.54.197
866,Rosalynd,Keasy,rkeasyo1@umn.edu,Female,135.37.170.187
867,Roman,Runacres,rrunacreso2@pbs.org,Male,255.234.217.193
868,Lynett,Blundel,lblundelo3@g.co,Female,0.32.233.66
869,Ignace,Stopher,istophero4@vk.com,Male,77.68.39.178
870,Clea,Heugel,cheugelo5@desdev.cn,Female,7.89.93.170
871,Davis,Barrand,dbarrando6@arstechnica.com,Male,49.97.76.24
872,Skipton,Legion,slegiono7@sun.com,Male,163.141.27.204
873,Pooh,Manilove,pmaniloveo8@marketwatch.com,Female,30.34.76.137
874,Juliane,Jirieck,jjiriecko9@skype.com,Female,228.36.97.26
875,Dorothea,Minot,dminotoa@google.co.uk,Female,243.66.199.149
876,Marlin,Capozzi,mcapozziob@cornell.edu,Male,198.133.205.22
877,Olag,Colmer,ocolmeroc@apple.com,Male,32.80.179.242
878,Ely,Colloby,ecollobyod@spotify.com,Bigender,221.36.63.4
879,Goran,de Clerq,gdeclerqoe@msn.com,Male,157.238.116.122
880,Mose,Clemenceau,mclemenceauof@amazon.co.jp,Male,126.203.238.107
881,Jeno,Poolton,jpooltonog@about.com,Male,157.9.14.1
882,Irvine,Leyland,ileylandoh@reverbnation.com,Male,104.231.250.229
883,Joane,Woodhams,jwoodhamsoi@geocities.jp,Female,41.175.38.42
884,Donal,Dunthorne,ddunthorneoj@tuttocitta.it,Male,153.162.7.230
885,Justen,Scoyles,jscoylesok@constantcontact.com,Male,133.117.27.6
886,Reyna,Chapelhow,rchapelhowol@oaic.gov.au,Female,107.86.104.24
887,Dinah,Syphas,dsyphasom@odnoklassniki.ru,Female,47.40.214.37
888,Whit,Davidai,wdavidaion@meetup.com,Agender,52.214.54.157
889,Ellwood,Cordingly,ecordinglyoo@answers.com,Male,148.134.190.249
890,Ive,Harpin,iharpinop@wikimedia.org,Male,100.34.200.248
891,Olly,Syddon,osyddonoq@si.edu,Genderfluid,52.129.6.62
892,Ediva,McHaffy,emchaffyor@issuu.com,Female,127.51.35.175
893,Magdaia,Swatten,mswattenos@rakuten.co.jp,Female,34.96.188.227
894,Leta,Tigner,ltignerot@pen.io,Female,173.112.108.91
895,Evin,Iannelli,eiannelliou@de.vu,Male,50.113.238.3
896,Zechariah,Gencke,zgenckeov@ftc.gov,Male,30.127.209.61
897,Camey,Chapell,cchapellow@addtoany.com,Male,234.215.251.163
898,Jareb,Faivre,jfaivreox@posterous.com,Male,157.114.44.37
899,Ariel,Coan,acoanoy@deliciousdays.com,Male,212.224.138.59
900,Sheela,Ondrousek,sondrousekoz@biblegateway.com,Female,64.23.185.211
901,Halsy,Cawkwell,hcawkwellp0@ucoz.ru,Male,248.137.82.30
902,Jule,Runham,jrunhamp1@hud.gov,Male,204.248.213.100
903,Bertha,Blagbrough,bblagbroughp2@oakley.com,Female,116.37.31.203
904,Wayland,Domesday,wdomesdayp3@ebay.com,Male,184.219.234.106
905,Selina,Gaul,sgaulp4@etsy.com,Polygender,231.34.215.120
906,Gabriell,Sahnow,gsahnowp5@xing.com,Female,57.38.9.203
907,Reynold,O' Reagan,roreaganp6@nsw.gov.au,Male,200.156.251.193
908,Teodoro,Scriviner,tscrivinerp7@disqus.com,Male,32.195.137.19
909,Leah,Waterfall,lwaterfallp8@livejournal.com,Female,73.98.161.42
910,Frayda,Strippel,fstrippelp9@spotify.com,Bigender,101.243.145.207
911,Emmett,Lagde,elagdepa@networksolutions.com,Male,75.176.19.196
912,Dulci,Kimm,dkimmpb@opensource.org,Female,204.63.88.72
913,Merrick,Tibbetts,mtibbettspc@upenn.edu,Male,206.92.239.134
914,Tally,Bagenal,tbagenalpd@cornell.edu,Female,95.170.241.200
915,Woody,Deschlein,wdeschleinpe@uol.com.br,Male,1.217.241.238
916,Denys,Pakeman,dpakemanpf@artisteer.com,Bigender,169.165.219.135
917,Joe,Grout,jgroutpg@webnode.com,Male,8.175.96.227
918,Nancy,McLleese,nmclleeseph@icio.us,Female,95.7.42.158
919,Erhard,Laroux,elarouxpi@chicagotribune.com,Male,212.84.20.159
920,Estel,Renn,erennpj@wp.com,Female,227.247.169.66
921,Sheffy,Guerreau,sguerreaupk@dion.ne.jp,Male,73.101.57.116
922,Kristo,Hammatt,khammattpl@ifeng.com,Male,26.129.171.68
923,Rodger,Viney,rvineypm@blogtalkradio.com,Male,89.187.160.12
924,Wilow,Coppin,wcoppinpn@slideshare.net,Female,26.141.2.15
925,Ram,Boler,rbolerpo@netlog.com,Male,128.157.140.154
926,Terence,Stanworth,tstanworthpp@alexa.com,Male,68.206.192.87
927,Jdavie,Newark,jnewarkpq@go.com,Male,177.197.187.247
928,Neal,Luddy,nluddypr@walmart.com,Male,71.16.145.166
929,Teodoro,Standingford,tstandingfordps@sciencedirect.com,Male,201.86.40.247
930,Tades,Alderwick,talderwickpt@ucoz.ru,Male,57.29.189.57
931,Rosalyn,Castro,rcastropu@imageshack.us,Female,202.213.125.121
932,Siobhan,Children,schildrenpv@amazon.co.jp,Female,219.249.175.2
933,Ardyce,Rentoul,arentoulpw@bandcamp.com,Female,141.21.45.88
934,Mareah,Musk,mmuskpx@unblog.fr,Female,48.243.103.150
935,Leticia,Moody,lmoodypy@instagram.com,Female,35.238.90.100
936,Cornie,Soitoux,csoitouxpz@uiuc.edu,Genderqueer,251.54.103.246
937,Linn,Asbery,lasberyq0@zdnet.com,Male,248.64.140.231
938,Alano,Francesch,afranceschq1@1688.com,Male,147.228.230.50
939,Effie,Crebott,ecrebottq2@xinhuanet.com,Female,54.60.164.219
940,Toma,Bea,tbeaq3@youtube.com,Genderqueer,251.38.217.20
941,Lauren,Aikenhead,laikenheadq4@indiatimes.com,Female,170.80.93.172
942,Talbot,Rosbotham,trosbothamq5@bbc.co.uk,Male,86.34.166.176
943,Angil,Font,afontq6@chron.com,Agender,169.182.200.0
944,Cad,Minker,cminkerq7@reverbnation.com,Male,166.58.3.242
945,Rinaldo,Gunning,rgunningq8@state.tx.us,Male,212.85.9.23
946,Tandie,Pretorius,tpretoriusq9@mtv.com,Bigender,89.254.238.81
947,Thurstan,Thewlis,tthewlisqa@columbia.edu,Male,231.193.52.215
948,Sabine,Matthew,smatthewqb@diigo.com,Female,96.243.71.57
949,Sloan,Covendon,scovendonqc@ucoz.ru,Male,179.85.173.221
950,Casper,Grzelak,cgrzelakqd@godaddy.com,Male,108.77.231.239
951,Kenny,Fidge,kfidgeqe@drupal.org,Male,177.106.134.24
952,Ainsley,Mibourne,amibourneqf@yelp.com,Female,20.39.144.231
953,Noni,Masi,nmasiqg@techcrunch.com,Non-binary,192.74.117.254
954,Daven,Horwell,dhorwellqh@indiatimes.com,Male,136.2.159.4
955,Florida,Reavell,freavellqi@craigslist.org,Female,124.10.131.170
956,Nikki,Etherton,nethertonqj@alibaba.com,Male,135.42.136.153
957,Rockey,Bertl,rbertlqk@cnet.com,Male,215.1.247.197
958,Glenda,Mabley,gmableyql@goodreads.com,Female,127.216.228.64
959,Sharleen,Lahy,slahyqm@last.fm,Female,167.19.140.91
960,Wat,Bourdice,wbourdiceqn@linkedin.com,Male,103.180.218.168
961,Iorgos,Nathan,inathanqo@sourceforge.net,Male,217.98.48.19
962,Augusto,Fosse,afosseqp@reuters.com,Male,171.108.145.147
963,Falito,Halpeine,fhalpeineqq@sohu.com,Male,240.38.130.209
964,Bartram,Vanyashin,bvanyashinqr@salon.com,Male,254.104.82.22
965,Georgena,Wiggall,gwiggallqs@amazon.co.uk,Female,248.153.205.140
966,Gwenny,Gile,ggileqt@stanford.edu,Female,114.131.55.15
967,Cleopatra,Sindle,csindlequ@oakley.com,Female,246.162.5.105
968,Marjory,Ewell,mewellqv@nytimes.com,Female,30.218.239.57
969,Rhys,Moxom,rmoxomqw@hostgator.com,Polygender,214.131.222.7
970,Tybi,Grooby,tgroobyqx@pbs.org,Female,192.107.127.218
971,Rudolf,Garahan,rgarahanqy@w3.org,Polygender,208.155.101.249
972,Harmonia,Tylor,htylorqz@columbia.edu,Female,171.77.71.226
973,Mara,Baughn,mbaughnr0@java.com,Female,22.80.169.38
974,Madalyn,Dinesen,mdinesenr1@reverbnation.com,Female,6.44.223.92
975,Norris,Idwal Evans,nidwalevansr2@walmart.com,Male,69.38.75.21
976,Tannie,Seville,tseviller3@netvibes.com,Male,186.216.122.253
977,Lynn,Vasic,lvasicr4@netscape.com,Male,188.63.138.184
978,Hilarius,Feeny,hfeenyr5@noaa.gov,Male,100.70.217.7
979,Janeczka,Finicj,jfinicjr6@sciencedaily.com,Female,70.157.169.28
980,Norman,Crannell,ncrannellr7@dell.com,Male,192.167.90.200
981,Elia,Kinlock,ekinlockr8@histats.com,Male,47.243.45.24
982,Dedie,Moneti,dmonetir9@instagram.com,Female,44.208.157.101
983,Terrijo,Brydie,tbrydiera@nymag.com,Female,166.168.164.72
984,Winston,Larrosa,wlarrosarb@archive.org,Male,17.246.183.100
985,Packston,Dumingo,pdumingorc@yale.edu,Male,86.184.84.118
986,Sib,Thridgould,sthridgouldrd@nyu.edu,Female,25.31.253.178
987,Chen,Girtin,cgirtinre@wiley.com,Male,161.94.39.145
988,Dulce,Eye,deyerf@ftc.gov,Female,245.120.207.2
989,Sybilla,Gunner,sgunnerrg@github.com,Female,227.162.70.182
990,Shawn,Borrett,sborrettrh@icio.us,Female,182.160.248.96
991,Andras,Kacheller,akachellerri@rambler.ru,Male,182.190.96.155
992,Aldwin,Widdecombe,awiddecomberj@diigo.com,Male,4.173.18.36
993,Ailene,Epine,aepinerk@facebook.com,Female,143.202.66.216
994,Dahlia,Castletine,dcastletinerl@cocolog-nifty.com,Female,220.166.118.152
995,Trace,Routham,trouthamrm@creativecommons.org,Male,175.197.113.15
996,Ad,Peddersen,apeddersenrn@cisco.com,Male,239.179.71.209
997,Sandi,Dufoure,sdufourero@surveymonkey.com,Female,25.92.21.239
998,Hedy,Bage,hbagerp@storify.com,Female,133.216.80.173
999,Haskell,Shurmore,hshurmorerq@plala.or.jp,Male,95.93.108.176
1000,Jodi,Woodrow,jwoodrowrr@wsj.com,Female,47.115.200.134
